Entity ID,Legal Name,Tier,Composite_Risk_Score,Risk_Category,Financial_Risk_Score,Operational_Risk_Score,Geo_Risk_Score,Network_Exposure_Score,Evidence_Confidence (%)
ORG-455,Umber Silicon Carbide Ltd.,Tier 3,75.52222222222221,CRITICAL,,57.5,76.33333333333333,90,62.5
ORG-439,IonPeak Semiconductor Ltd.,Tier 2,70.32499999999999,CRITICAL,40.83333333333333,65.39999999999999,76.33333333333333,95,100.0
ORG-210,Meridian Dielectrics Ltd.,Tier 2,70.11666666666666,CRITICAL,100.0,95.79999999999998,23.333333333333332,55,100.0
ORG-453,Jade Printed Circuits Ltd.,Tier 2,67.04583333333333,HIGH,57.916666666666664,53.20000000000002,76.33333333333333,80,100.0
ORG-736,Verdant Process Gases Ltd.,Tier 3,66.67777777777778,HIGH,,48.966666666666654,76.33333333333333,75,62.5
ORG-103,Grove Battery Controls Ltd.,Tier 1,57.81458333333334,HIGH,37.125,58.26666666666668,57.333333333333336,75,100.0
ORG-119,Cobalt Control Electronics Ltd.,Tier 1,57.03333333333334,HIGH,42.833333333333336,49.433333333333344,57.333333333333336,75,100.0
ORG-942,Lumen Magnetics Ltd.,Tier 2,55.925,HIGH,62.666666666666664,25.166666666666668,57.333333333333336,75,100.0
ORG-725,Boreal Power Systems Ltd.,Tier 1,55.04166666666667,HIGH,57.0,35.70000000000002,24.333333333333332,90,100.0
ORG-708,Orion Ceramics Ltd.,Tier 2,53.918749999999996,MEDIUM,27.875,42.73333333333333,76.33333333333333,70,100.0
ORG-274,Pine Thermal Metals Ltd.,Tier 2,53.810416666666676,MEDIUM,57.04166666666667,32.20000000000002,60.0,65,100.0
ORG-849,Nacre Foils Ltd.,Tier 2,53.452083333333334,MEDIUM,40.375,65.43333333333334,60.0,50,100.0
ORG-247,Aster Power Assemblies Ltd.,Tier 1,49.18333333333333,MEDIUM,24.833333333333336,42.29999999999998,27.0,90,100.0
ORG-873,Warden Copper Foil Ltd.,Tier 3,47.822222222222216,MEDIUM,,23.46666666666665,60.0,60,62.5
ORG-520,Yarrow Specialty Minerals Ltd.,Tier 3,45.744444444444454,MEDIUM,,25.366666666666685,42.333333333333336,65,62.5
ORG-176,HarborSense Electronics Ltd.,Tier 1,44.43125,LOW,25.29166666666666,48.966666666666654,24.333333333333332,70,100.0
ORG-469,Rill Connectors Ltd.,Tier 2,43.147916666666674,LOW,31.958333333333332,22.766666666666676,57.333333333333336,60,100.0
ORG-728,Kestrel Microdevices Ltd.,Tier 2,41.93333333333334,LOW,33.83333333333333,24.43333333333334,24.333333333333332,75,100.0
ORG-179,Xenon Resin Ltd.,Tier 3,41.211111111111116,LOW,,23.766666666666676,57.333333333333336,45,62.5
ORG-786,Estuary Thermal Systems Ltd.,Tier 1,36.360416666666666,LOW,20.875,16.56666666666666,60.0,50,100.0
ORG-922,Delta Capacitor Works Ltd.,Tier 1,35.002083333333324,LOW,31.041666666666664,24.299999999999983,23.333333333333332,55,100.0
ORG-287,ForgeLine Enclosures Ltd.,Tier 1,34.72708333333333,LOW,52.04166666666667,23.266666666666673,27.0,35,100.0
ORG-659,Zenith Polymer Ltd.,Tier 3,33.54444444444444,LOW,,21.96666666666665,23.333333333333332,50,62.5
ORG-320,Solace Optics Ltd.,Tier 2,33.14444444444444,LOW,,17.566666666666656,42.333333333333336,40,62.5
ORG-329,Quartz Alloy Ltd.,Tier 2,31.731250000000003,LOW,6.458333333333329,44.866666666666674,27.0,45,100.0
