Entity,Tier,Match Key
Aster Power Assemblies Ltd.,Tier 1,aster power assemblies ltd
Boreal Power Systems Ltd.,Tier 1,boreal power systems ltd
Cobalt Control Electronics Ltd.,Tier 1,cobalt control electronics ltd
Delta Capacitor Works Ltd.,Tier 1,delta capacitor works ltd
Estuary Thermal Systems Ltd.,Tier 1,estuary thermal systems ltd
ForgeLine Enclosures Ltd.,Tier 1,forgeline enclosures ltd
Grove Battery Controls Ltd.,Tier 1,grove battery controls ltd
HarborSense Electronics Ltd.,Tier 1,harborsense electronics ltd
IonPeak Semiconductor Ltd.,Tier 2,ionpeak semiconductor ltd
Jade Printed Circuits Ltd.,Tier 2,jade printed circuits ltd
Kestrel Microdevices Ltd.,Tier 2,kestrel microdevices ltd
Lumen Magnetics Ltd.,Tier 2,lumen magnetics ltd
Meridian Dielectrics Ltd.,Tier 2,meridian dielectrics ltd
Nacre Foils Ltd.,Tier 2,nacre foils ltd
Orion Ceramics Ltd.,Tier 2,orion ceramics ltd
Pine Thermal Metals Ltd.,Tier 2,pine thermal metals ltd
Quartz Alloy Ltd.,Tier 2,quartz alloy ltd
Rill Connectors Ltd.,Tier 2,rill connectors ltd
Umber Silicon Carbide Ltd.,Tier 3,umber silicon carbide ltd
Warden Copper Foil Ltd.,Tier 3,warden copper foil ltd
Xenon Resin Ltd.,Tier 3,xenon resin ltd
Yarrow Specialty Minerals Ltd.,Tier 3,yarrow specialty minerals ltd
Zenith Polymer Ltd.,Tier 3,zenith polymer ltd
